id_vendedor,nombre_vendedor,apellido_vendedor,correo_vendedor,dpi_vendedor
1,Gwenneth,Moakes,gmoakes0@techcrunch.com,2329042301170
2,Teriann,Kastel,tkastel1@i2i.jp,3421932886436
3,La verne,Troillet,ltroillet2@ox.ac.uk,6175384333844
4,Ban,Gartrell,bgartrell3@t.co,3294575095793
5,Robb,Pulhoster,rpulhoster4@samsung.com,7433219748892
6,Lance,Sauvain,lsauvain5@census.gov,1487997872591
7,Reed,Briston,rbriston6@oaic.gov.au,1917619609159
8,Baron,Poulglais,bpoulglais7@wunderground.com,8733520202341
9,Agace,Taillant,ataillant8@ustream.tv,3504891247819
10,Marijn,Swindley,mswindley9@shinystat.com,6977687202185
11,Sunny,Betancourt,sbetancourta@virginia.edu,9378032783058
12,Gabbey,Krop,gkropb@mtv.com,5081633617451
13,Ruddy,Sandbatch,rsandbatchc@columbia.edu,1272842863322
14,Wadsworth,Jimmison,wjimmisond@163.com,5637833020535
15,Yancy,Dungate,ydungatee@nih.gov,6136730075421
16,Lisbeth,Goddert.sf,lgoddertsff@tiny.cc,8938086352492
17,Fanny,Fattori,ffattorig@163.com,8940354920592
18,Klement,Badini,kbadinih@e-recht24.de,7974697833454
19,Dania,Krol,dkroli@freewebs.com,2878631226582
20,Clovis,Oseman,cosemanj@china.com.cn,8566248785104
21,Stephani,Leele,sleelek@myspace.com,0911374726786
22,Ira,Sate,isatel@loc.gov,0538474216294
23,Melany,Fillingham,mfillinghamm@theatlantic.com,7606529525002
24,Eal,Verlinde,everlinden@nifty.com,8395954697814
25,Marjy,Marzele,mmarzeleo@nasa.gov,2744219267163
26,Erl,Lidgerton,elidgertonp@myspace.com,0345313386338
27,Knox,McArthur,kmcarthurq@unblog.fr,4872118398847
28,Cloris,Cheley,ccheleyr@cbsnews.com,8365250877277
29,Newton,Bess,nbesss@omniture.com,9477089112677
30,Chryste,Eagles,ceaglest@angelfire.com,4637710203228
31,Danie,Dumbreck,ddumbrecku@newyorker.com,3964362332235
32,Ardisj,McKague,amckaguev@mtv.com,4742792547878
33,Mikael,Everest,meverestw@cpanel.net,9734356747742
34,Cosmo,Wharrier,cwharrierx@thetimes.co.uk,3152307073269
35,Elaina,Blower,eblowery@nba.com,8385493035591
36,Harold,Huzzey,hhuzzeyz@cbslocal.com,8779242535607
37,Darcy,Dictus,ddictus10@mapy.cz,3944282595805
38,Terence,Sacchetti,tsacchetti11@wikipedia.org,7176288200815
39,Ricki,Brockelsby,rbrockelsby12@wufoo.com,5056062195974
40,Aldrich,Kuscha,akuscha13@tiny.cc,8908638693384
41,Jemmie,Rodder,jrodder14@privacy.gov.au,0849494731583
42,Ignacio,Ales0,iales15@mlb.com,0659988118779
43,Georgy,Scorey,gscorey16@state.tx.us,3890648024912
44,Blinni,Gravell,bgravell17@cloudflare.com,8315152048322
45,Roderigo,Traice,rtraice18@studiopress.com,5245091409853
46,Kipp,Castelin,kcastelin19@prlog.org,1707617584851
47,Pembroke,Casoni,pcasoni1a@aboutads.info,4145610682469
48,Sheela,Whitebread,swhitebread1b@mac.com,7497982018061
49,Quill,Hylden,qhylden1c@elpais.com,2282545112992
50,Alla,Kelcey,akelcey1d@ucoz.ru,7620833205518
51,Stevena,Basindale,sbasindale1e@flickr.com,9725392121627
52,Amery,Hardcastle,ahardcastle1f@lycos.com,4874009370555
53,Wernher,Eagell,weagell1g@answers.com,3675084060689
54,Gran,Curbishley,gcurbishley1h@biblegateway.com,3598362213356
55,Aloysia,Gainsborough,againsborough1i@is.gd,7254704822767
56,Marnia,Round,mround1j@unc.edu,1710993622333
57,Lorain,Gorger,lgorger1k@xinhuanet.com,9115892338427
58,Carmelle,Shark,cshark1l@webnode.com,0345554698612
59,Johnna,Ravilus,jravilus1m@accuweather.com,7387216579306
60,Myrlene,McGibbon,mmcgibbon1n@wsj.com,6803653818922
61,Alfonse,Issacov,aissacov1o@cam.ac.uk,6696261115985
62,Halli,Hagstone,hhagstone1p@apple.com,9999365584408
63,Andriette,MacNamara,amacnamara1q@xinhuanet.com,0236429497049
64,Gauthier,Winspur,gwinspur1r@list-manage.com,1323035634343
65,Stace,Mattke,smattke1s@state.gov,8063820232669
66,Ronny,Dysert,rdysert1t@bloglovin.com,4721994116747
67,Philly,Tumilson,ptumilson1u@illinois.edu,5046897038380
68,Sullivan,Jellico,sjellico1v@reference.com,2051807798590
69,Sarah,Habard,shabard1w@opensource.org,8660739274573
70,Catherina,Espada,cespada1x@pinterest.com,8965730778400
71,Vanda,Minards,vminards1y@quantcast.com,8256586995594
72,Onfroi,Ferreira,oferreira1z@dailymotion.com,9231403522136
73,Natty,Lerohan,nlerohan20@w3.org,1794912164751
74,Nolly,Wilse,nwilse21@ezinearticles.com,2623191950868
75,Cash,Skerratt,cskerratt22@who.int,2400940476123
76,Elyn,MacIlhargy,emacilhargy23@blogtalkradio.com,4170321560052
77,Addy,Pigney,apigney24@ehow.com,5606508725028
78,Dore,Saffle,dsaffle25@wordpress.org,6971735365534
79,Orrin,Challes,ochalles26@mozilla.com,4720232761559
80,Dag,Burg,dburg27@github.com,3730834885885
81,Emera,Caddick,ecaddick28@comsenz.com,0368336141695
82,Ivette,Cellone,icellone29@woothemes.com,7304866244038
83,Tildie,Bearcock,tbearcock2a@t-online.de,8503238781578
84,Hyacinth,Mettricke,hmettricke2b@noaa.gov,1796082082374
85,Clim,Davisson,cdavisson2c@businessinsider.com,7278116830672
86,Jeanie,Pressnell,jpressnell2d@etsy.com,6391333755225
87,Riobard,Coultish,rcoultish2e@facebook.com,5059270232401
88,Heall,Brimmacombe,hbrimmacombe2f@thetimes.co.uk,1794393381439
89,Maggi,Greatbatch,mgreatbatch2g@hugedomains.com,6933932602414
90,Merilee,Pepineaux,mpepineaux2h@yelp.com,2329831863952
91,Nert,Lukins,nlukins2i@jiathis.com,7190493822521
92,Honey,Goodee,hgoodee2j@newsvine.com,5904836725292
93,Demetris,Cabrer,dcabrer2k@abc.net.au,6201675764060
94,Leroy,Qualtrough,lqualtrough2l@mashable.com,0191527828491
95,Nye,Napoleon,nnapoleon2m@comcast.net,8841104443640
96,Heather,Dooman,hdooman2n@artisteer.com,6882684924561
97,Erminie,Mallall,emallall2o@accuweather.com,0665640287985
98,Arden,McCreedy,amccreedy2p@digg.com,8786718070304
99,Sybilla,Haycox,shaycox2q@pbs.org,2183797289472
100,Martie,Deacock,mdeacock2r@deliciousdays.com,8286102493860
101,Ainslee,Worsell,aworsell2s@businesswire.com,2991395984017
102,Hugh,Dickerson,hdickerson2t@sohu.com,6134869457377
103,Odetta,Elgood,oelgood2u@yahoo.com,7999769281405
104,Glenine,Louthe,glouthe2v@mapy.cz,3004345478770
105,Blanca,Sexty,bsexty2w@usa.gov,4795698495799
106,Immanuel,Hambly,ihambly2x@thetimes.co.uk,5694290459535
107,Milena,Howlett,mhowlett2y@virginia.edu,8688116717605
108,Christopher,Padgham,cpadgham2z@bing.com,2847293182518
109,Jayme,Cawson,jcawson30@psu.edu,3074604832055
110,Kit,Marages,kmarages31@sbwire.com,7711641549890
111,Shell,Grishakov,sgrishakov32@epa.gov,3388921312399
112,Aimee,Parcell,aparcell33@indiegogo.com,1866959084803
113,Fleur,Osgarby,fosgarby34@fema.gov,1628251874688
114,Ursa,Behnke,ubehnke35@merriam-webster.com,9506516046969
115,Justine,Brahmer,jbrahmer36@webs.com,3941805705804
116,Lorene,Nanetti,lnanetti37@marriott.com,0023453928895
117,Kendal,Maidlow,kmaidlow38@nba.com,9523712986637
18,Dee,Hamil,dhamil39@wikipedia.org,8026015168115
19,Roshelle,Digby,rdigby3a@spotify.com,2918170913181
20,Salomo,Leates,sleates3b@auda.org.au,6359403519066
21,Opaline,Ion,oion3c@paypal.com,3082704912513
22,Stewart,Peterkin,speterkin3d@cocolog-nifty.com,8935914549023
23,Helenelizabeth,Gillio,hgillio3e@sitemeter.com,5499350014488
24,Camey,Leishman,cleishman3f@ihg.com,2525195268581
125,Truman,Cuttle,tcuttle3g@ameblo.jp,3001169463892
126,Addie,Kirstein,akirstein3h@ted.com,5499438665432
127,Lynea,Petchell,lpetchell3i@fema.gov,9690258083904
128,Alejandra,Seedhouse,aseedhouse3j@list-manage.com,0306521092452
129,Sayer,MacVean,smacvean3k@un.org,5536918614657
130,Curtis,Bodleigh,cbodleigh3l@tinyurl.com,4984482341075
131,Jonathon,Wisniowski,jwisniowski3m@mac.com,5449275177863
132,Cynde,Mizzen,cmizzen3n@flickr.com,0232508179012
133,Sayer,Farquharson,sfarquharson3o@amazon.de,7423208070670
134,Beret,Jakuszewski,bjakuszewski3p@scribd.com,8955169443055
135,Alberik,Ladloe,aladloe3q@jimdo.com,0812005548921
136,Ara,Itshak,aitshak3r@apache.org,8013517519367
137,Alexa,Indge,aindge3s@github.io,9811339784589
138,Tedi,Beazer,tbeazer3t@squidoo.com,5366943891547
139,Tedmund,Woollacott,twoollacott3u@dyndns.org,7710077163796
140,Adolph,Mewis,amewis3v@networksolutions.com,4673940646911
141,Koralle,Casino,kcasino3w@bigcartel.com,9893320234703
142,Clyve,Rivaland,crivaland3x@house.gov,0724122047811
143,Vicky,Eames,veames3y@flickr.com,2227739701512
144,Aida,Mc Caughan,amccaughan3z@newsvine.com,3534171821429
145,Annnora,Mattiessen,amattiessen40@jigsy.com,3511990301563
146,Hillier,Grebert,hgrebert41@dagondesign.com,7505308894955
147,Kaleb,Sowerby,ksowerby42@elegantthemes.com,2712663842698
148,Esmaria,Biggs,ebiggs43@tinypic.com,0429938762776
149,Ange,Spilling,aspilling44@cmu.edu,4044295058479
150,Torrin,Macourek,tmacourek45@de.vu,3516854635612
151,Aloysia,Calvert,acalvert46@webmd.com,7667048626337
152,Alano,McKinty,amckinty47@ameblo.jp,0616463413077
153,Matty,Ceely,mceely48@linkedin.com,4335073529487
154,Blakeley,Yeell,byeell49@mediafire.com,8554651201703
155,Callie,Brugman,cbrugman4a@mapy.cz,6478749165788
156,Efren,Mander,emander4b@usatoday.com,8895889452705
157,Elyssa,Kensley,ekensley4c@army.mil,3694921311934
158,Dare,Criag,dcriag4d@bizjournals.com,8834159859939
159,Cheston,Whitebrook,cwhitebrook4e@msu.edu,1795343421393
60,Sheela,Aubrey,saubrey4f@cdbaby.com,1986579077292
161,Baird,Iglesias,biglesias4g@wisc.edu,3764319192324
162,Marmaduke,Cuolahan,mcuolahan4h@istockphoto.com,2520302334924
163,Eustacia,Fenny,efenny4i@naver.com,5629967607198
164,Kally,Matignon,kmatignon4j@harvard.edu,9886833557744
165,Fredelia,De Laspee,fdelaspee4k@cloudflare.com,2056038195734
166,Shara,Asprey,sasprey4l@themeforest.net,8707258545443
167,Allan,Dyos,adyos4m@nydailynews.com,8553501347290
168,Hazel,Braker,hbraker4n@amazon.co.jp,2856477874334
169,Marleen,Skingle,mskingle4o@yahoo.co.jp,0881783827239
170,Dorelia,Brydell,dbrydell4p@hubpages.com,0291724733657
171,Clay,Ullyatt,cullyatt4q@dyndns.org,3243589570488
172,Corri,Aizikowitz,caizikowitz4r@symantec.com,7271227942456
173,Wallis,Marshman,wmarshman4s@about.com,1112014859927
174,Pen,Ansett,pansett4t@about.me,0644334882680
175,Alika,Pavese,apavese4u@ustream.tv,9906770426246
176,Berke,Cavie,bcavie4v@surveymonkey.com,2393313743784
177,Hans,Simonsson,hsimonsson4w@sakura.ne.jp,1597626698535
178,Shir,Stango,sstango4x@prnewswire.com,7536793286829
179,Janeczka,Stanning,jstanning4y@blogtalkradio.com,8775645564498
180,Gert,Crosston,gcrosston4z@spiegel.de,2684964372247
181,Daren,Siemons,dsiemons50@chicagotribune.com,2457688590964
182,Milli,Dudmesh,mdudmesh51@mlb.com,0684216011240
183,Alisha,Westfalen,awestfalen52@prlog.org,8901250989073
184,Carlin,Sabater,csabater53@geocities.jp,8760778606877
185,Gill,Benech,gbenech54@bloomberg.com,6255980748272
186,Hogan,Wapol,hwapol55@businessinsider.com,5187711937042
187,Kristyn,Tribell,ktribell56@mediafire.com,6642734765555
188,Glory,Frankes,gfrankes57@auda.org.au,8849444276360
189,Barr,Eyre,beyre58@blogs.com,9402672422494
190,Shepperd,Girk,sgirk59@si.edu,1864694472734
191,Thorny,Bennison,tbennison5a@123-reg.co.uk,8213215360619
92,Hartley,Delahunty,hdelahunty5b@meetup.com,3393546354053
193,Tynan,Whaley,twhaley5c@dropbox.com,6261403588404
194,Rubie,Ollin,rollin5d@ibm.com,2173623487925
195,Gratia,Partleton,gpartleton5e@blogtalkradio.com,5108819473091
196,Wilbur,Eyes,weyes5f@cnn.com,9649067594343
197,Charles,Tommaseo,ctommaseo5g@slate.com,4522090740419
198,Astra,Drane,adrane5h@ucoz.ru,9302587096632
199,Cornelia,Dunican,cdunican5i@irs.gov,5831015196110
200,Heddi,Langran,hlangran5j@mapy.cz,1819925120485
201,Ibby,Ioselev,iioselev5k@g.co,8564817956953
202,Avrit,Ebbetts,aebbetts5l@artisteer.com,8321736953317
203,Aila,Delagua,adelagua5m@amazon.de,3441108001286
204,Kelcey,Pinckney,kpinckney5n@addtoany.com,3974319142584
205,Earl,Houlaghan,ehoulaghan5o@simplemachines.org,4480113304617
206,Rock,Fairweather,rfairweather5p@berkeley.edu,2613827082656
207,Torey,Olivera,tolivera5q@spotify.com,4256809818348
208,Georgie,Jephcote,gjephcote5r@hud.gov,6603152257991
209,Tarrance,Juschke,tjuschke5s@nasa.gov,0401515452193
210,Aldo,Estevez,aestevez5t@intel.com,1284220825725
211,Matthiew,Kelloch,mkelloch5u@ebay.co.uk,6667880624463
212,Leighton,Martinec,lmartinec5v@bing.com,7025986230922
213,Quint,Greaves,qgreaves5w@i2i.jp,8581459578399
214,Adair,Marjanski,amarjanski5x@rakuten.co.jp,1556387145437
215,Benjy,Pratley,bpratley5y@icio.us,4498168179449
216,Cletus,Mityashin,cmityashin5z@myspace.com,1239311676773
217,Thornton,Boggon,tboggon60@wikipedia.org,7155557753627
218,Kaila,Naisbit,knaisbit61@whitehouse.gov,9131457596330
219,Dur,Eyden,deyden62@360.cn,9920714076637
220,Lizette,Macieja,lmacieja63@devhub.com,1290169077120
221,Tobias,Bartalini,tbartalini64@netlog.com,7981775600423
222,Lula,Gueny,lgueny65@princeton.edu,3651610538130
223,Mari,Velden,mvelden66@artisteer.com,1760139944082
224,Galven,Mattiato,gmattiato67@google.es,3541406455926
225,King,Vasilic,kvasilic68@simplemachines.org,9515061869801
226,Hadlee,Roberson,hroberson69@youtube.com,6859053666198
227,Christos,Woollacott,cwoollacott6a@ask.com,3326860937280
228,Zara,Dowgill,zdowgill6b@theatlantic.com,1526629320181
229,Codi,Rudgerd,crudgerd6c@discovery.com,6540889904967
230,Prudi,Blankett,pblankett6d@apache.org,6850841050627
231,Corene,Kleint,ckleint6e@123-reg.co.uk,1719918317095
232,Demeter,Rudge,drudge6f@lycos.com,4873831050296
33,Elvyn,Gallihawk,egallihawk6g@blogger.com,3759051584677
34,Eduino,Francioli,efrancioli6h@bloglovin.com,7679466464860
35,Hal,Mechell,hmechell6i@ameblo.jp,6151944860815
36,Pandora,Maslin,pmaslin6j@hexun.com,0103327829792
37,Doro,Chastan,dchastan6k@comsenz.com,9909231844340
38,Dinny,Jaulme,djaulme6l@epa.gov,7681108316284
39,Kellina,Frizell,kfrizell6m@creativecommons.org,9403413114383
40,Drona,Bartolacci,dbartolacci6n@walmart.com,4220520927784
41,Annabal,Espie,aespie6o@com.com,2210956401417
242,Karylin,Slocombe,kslocombe6p@de.vu,1846280213682
243,Clarita,Kubicka,ckubicka6q@ibm.com,8310323504627
244,Lavina,Maddie,lmaddie6r@altervista.org,8055993136533
245,Cleopatra,Caneo,ccaneo6s@guardian.co.uk,1760815560927
246,Robbie,Franz,rfranz6t@issuu.com,7640226609226
247,Malorie,Kennaird,mkennaird6u@taobao.com,5674925441774
248,Rosa,Flori,rflori6v@columbia.edu,8029973070892
249,Sayers,Beagley,sbeagley6w@stumbleupon.com,0223911718253
250,Allison,Brundrett,abrundrett6x@pen.io,6933439418510
251,Berky,Lamprecht,blamprecht6y@hostgator.com,9098064472402
252,Arda,Roget,aroget6z@mashable.com,9449735628188
253,Gifford,Cuolahan,gcuolahan70@soundcloud.com,2744475270716
254,Nathanil,Dedman,ndedman71@naver.com,7840145259531
255,Vivi,Mattaus,vmattaus72@ycombinator.com,1984543057753
256,Cicely,Rand,crand73@timesonline.co.uk,6448766881737
257,Mortie,Miners,mminers74@google.com.au,6501106590164
258,Amalle,Samson,asamson75@wordpress.org,8247398694890
259,Claus,Bovingdon,cbovingdon76@nba.com,6399324908507
260,Joe,Siaskowski,jsiaskowski77@microsoft.com,7540402598403
261,Brandy,Archibould,barchibould78@wired.com,5124299558199
262,Dalia,Badini,dbadini79@netscape.com,7468176732194
263,Thom,Huntar,thuntar7a@sbwire.com,5639772085820
264,Blondell,O'Cosgra,bocosgra7b@altervista.org,8669658862844
265,Cleve,Toward,ctoward7c@icq.com,6103884688264
266,Bendick,Paye,bpaye7d@stumbleupon.com,7981350954935
267,Denny,Junkison,djunkison7e@craigslist.org,7178776860089
268,Jules,Schofield,jschofield7f@goo.ne.jp,5976732644753
269,Madelina,Rojel,mrojel7g@admin.ch,6901579247534
270,Jermayne,Bodle,jbodle7h@narod.ru,2222592608508
271,Nickolas,Boynes,nboynes7i@epa.gov,2068288513236
272,Jacki,Sumpton,jsumpton7j@patch.com,9872555406032
273,Gusti,Foynes,gfoynes7k@go.com,5778167276494
274,Kamila,Plet,kplet7l@skyrock.com,5259996055472
75,Lynnell,Montez,lmontez7m@illinois.edu,8908357114522
76,Arlana,Lettsom,alettsom7n@nba.com,4281768894975
77,Cybil,Wrettum,cwrettum7o@hexun.com,5480598246410
78,Rip,Neame,rneame7p@smh.com.au,8700985579644
79,Wiley,Casin,wcasin7q@cocolog-nifty.com,7458039061636
80,Millie,De Filippis,mdefilippis7r@marketwatch.com,8255614662636
81,Danella,Rabbe,drabbe7s@linkedin.com,8736654029252
82,Kynthia,Delafoy,kdelafoy7t@cisco.com,5170282893917
283,Perry,Rabbe,prabbe7u@liveinternet.ru,5343567517239
284,Dudley,Nuccitelli,dnuccitelli7v@plala.or.jp,4386254003289
285,Ashlan,Headington,aheadington7w@is.gd,6751275500510
286,Correy,Dorrington,cdorrington7x@ifeng.com,0715957785877
287,Justis,Mullord,jmullord7y@umn.edu,6477384586805
288,Shalna,Wardroper,swardroper7z@nba.com,3969933593294
289,Nanni,Filipson,nfilipson80@skyrock.com,9038016149321
290,Gilligan,Denyer,gdenyer81@arstechnica.com,8544297085305
291,Cody,Rebanks,crebanks82@ucoz.ru,3943497723446
292,Benita,Croal,bcroal83@goo.ne.jp,3730432625645
293,Codie,Pope,cpope84@google.pl,3594901706849
294,Barbey,McGinly,bmcginly85@geocities.com,6300716301725
295,Ricky,Bocke,rbocke86@booking.com,0535243314622
296,Malissa,Thorwarth,mthorwarth87@webmd.com,1577411525333
297,Mellisa,Gipp,mgipp88@cargocollective.com,5919831914001
298,Belinda,Vanyakin,bvanyakin89@sina.com.cn,9417745748635
299,Cross,Van Geffen,cvangeffen8a@last.fm,8712392993145
300,Starla,Londesborough,slondesborough8b@aol.com,7929478728564
301,Catlaina,Kinsell,ckinsell8c@slate.com,2091205654772
302,Kristy,Pantone,kpantone8d@netlog.com,9056735374821
303,Sonnnie,Cerman,scerman8e@statcounter.com,2911453834454
304,Clemens,Aggis,caggis8f@geocities.jp,3061040748629
305,Garrick,Cowins,gcowins8g@yolasite.com,9749646322958
306,Malvin,Chasle,mchasle8h@wikimedia.org,3704279245902
307,Marielle,Blaydes,mblaydes8i@mashable.com,8498373047555
308,Marya,Wernham,mwernham8j@free.fr,0553074004012
309,Emery,Diable,ediable8k@typepad.com,2007778691821
310,Paulie,Gartside,pgartside8l@howstuffworks.com,2942029146853
311,Nedda,Goldspink,ngoldspink8m@ftc.gov,5213283125025
312,Florri,Grealy,fgrealy8n@redcross.org,5606276566673
313,Bunnie,Jobke,bjobke8o@lycos.com,7591908930239
314,Orazio,Cohani,ocohani8p@hhs.gov,0604434464638
315,Renault,O'Hannigan,rohannigan8q@51.la,9643623762588
316,Blinni,Dupoy,bdupoy8r@bravesites.com,8789842943690
317,Jeniece,Naisby,jnaisby8s@rediff.com,9450681705788
318,Titos,Amps,tamps8t@imageshack.us,7253632335743
319,Ros,Lemmertz,rlemmertz8u@ucsd.edu,6119569322954
320,Jacinda,,jwemes8v@bloglovin.com,3863067840046
321,Idelle,Rentalll,irentalll8w@ucoz.com,5572127628799
322,Glenn,Huckstepp,ghuckstepp8x@sourceforge.net,9310382275334
323,Mahala,Prop,mprop8y@usatoday.com,3427475804068
324,Garwood,Tilne,gtilne8z@ftc.gov,4356269676280
325,Coleman,Deetlefs,cdeetlefs90@amazon.com,5301879667737
326,Evyn,Conniam,econniam91@ox.ac.uk,6771601259489
327,Mandi,Tregunna,mtregunna92@soundcloud.com,7658570973978
328,Annissa,Pleass,apleass93@boston.com,8340153992243
329,Veda,Willatt,vwillatt94@multiply.com,5371461629677
330,Aloin,Nekrews,anekrews95@economist.com,2914818655587
331,Reade,Queripel,rqueripel96@pagesperso-orange.fr,3981713023253
332,Kaitlynn,Westfield,kwestfield97@tmall.com,5028122158305
333,Phillie,Isherwood,pisherwood98@statcounter.com,2301307651791
334,Fowler,Dan,fdan99@de.vu,4145533978141
335,Amie,Dot,adot9a@bravesites.com,3826547805600
336,Wendie,Mabbott,wmabbott9b@go.com,4427536564350
337,Edward,O'Codihie,eocodihie9c@cnet.com,5647826533725
338,Fionnula,Gammill,fgammill9d@list-manage.com,6359754651876
339,Rosalie,Deal,rdeal9e@cargocollective.com,8572484298497
340,Daren,Dosdell,ddosdell9f@opera.com,4969132202878
341,Reginald,Dalli,rdalli9g@csmonitor.com,2647025591142
342,Hayyim,Salvador,hsalvador9h@loc.gov,2393332121533
343,Heinrik,Potbury,hpotbury9i@indiatimes.com,0258250095176
344,Benjamin,McFetrich,bmcfetrich9j@miitbeian.gov.cn,7953005752738
345,Gloria,Shwalbe,gshwalbe9k@reference.com,6051401892540
346,Carline,O'Reagan,coreagan9l@phoca.cz,2462874540814
347,Gertie,Steart,gsteart9m@google.es,4625120754120
348,Jennilee,Suero,jsuero9n@opera.com,6430174281906
349,Sophey,Golightly,sgolightly9o@admin.ch,6262846578763
350,Jeralee,Langran,jlangran9p@chron.com,0322743009177
351,Cleveland,Bern,cbern9q@house.gov,1230680442055
352,Celina,Mandre,cmandre9r@squidoo.com,2275784811280
353,Delmer,Coundley,dcoundley9s@hhs.gov,3502493580389
354,Marie-ann,Mariette,mmariette9t@nyu.edu,3020859990817
355,Viva,Scoggin,vscoggin9u@freewebs.com,6474578308652
356,Cassandry,Alden,calden9v@goo.gl,9668464689272
357,Desiree,Winterflood,dwinterflood9w@ucsd.edu,1743891693019
358,Urson,Killick,ukillick9x@geocities.jp,9100926391652
359,Babbette,,bradbourn9y@ftc.gov,8054642155529
360,Carlos,Benedtti,cbenedtti9z@behance.net,3617410772787
361,Buddy,Geggie,bgeggiea0@forbes.com,9377706665918
362,Sofie,Blake,sblakea1@odnoklassniki.ru,7291564979486
363,Tiffany,Lockett,tlocketta2@weibo.com,8377476592815
364,Melony,Chatband,mchatbanda3@istockphoto.com,0432098968563
365,Taylor,Martinetto,tmartinettoa4@fotki.com,2931722634825
366,Zarla,Westnedge,zwestnedgea5@w3.org,8666436192777
367,Crystal,Simister,csimistera6@nsw.gov.au,0094577700234
368,Cam,Angelini,cangelinia7@businesswire.com,3103602244462
369,Starlin,Trayhorn,strayhorna8@globo.com,7273137546061
370,Amanda,Jowling,ajowlinga9@berkeley.edu,7927897280064
371,Hettie,Huggon,hhuggonaa@dell.com,9082789171889
372,Farris,Rosbottom,frosbottomab@tamu.edu,0758784534983
373,Silvana,Glazzard,sglazzardac@meetup.com,0371137630951
374,Willyt,Adnam,wadnamad@netscape.com,1162483674435
375,Deeyn,Garrie,dgarrieae@yolasite.com,5791904098040
376,Kayne,Lepard,klepardaf@rediff.com,7978487483859
377,Issiah,Ackland,iacklandag@techcrunch.com,7361455696280
378,Lanna,Schumacher,lschumacherah@biblegateway.com,3762181703703
379,Panchito,Billham,pbillhamai@cbc.ca,4687769842814
380,Lizzie,Wollacott,lwollacottaj@geocities.jp,9461418148539
381,Evy,Basek,ebasekak@scientificamerican.com,2148457577027
382,Chadwick,D'Enrico,cdenricoal@networkadvertising.org,6942572851076
383,Julio,Drogan,jdroganam@squarespace.com,3840907362146
384,Melantha,Senechault,msenechaultan@multiply.com,6186772962234
385,Orlando,Jeanesson,ojeanessonao@hostgator.com,6570642970993
386,Adrian,Parkyns,aparkynsap@ezinearticles.com,1533324943153
387,Christiana,Le Grys,clegrysaq@wsj.com,3835041778616
388,Sigismund,Naden,snadenar@lulu.com,5539367782391
389,Terri-jo,Okenden,tokendenas@sakura.ne.jp,1477210687948
390,Vivienne,Wylam,vwylamat@alexa.com,8489185309685
391,Horatia,Stearns,hstearnsau@huffingtonpost.com,2634147722233
392,Irita,Sondland,isondlandav@ebay.co.uk,6990388588137
393,Prudence,,pommundsenaw@npr.org,1033532663595
394,Emmaline,Pinwell,epinwellax@last.fm,4137978778324
395,Kris,Greatrex,kgreatrexay@dedecms.com,3186562663836
396,Caro,Skilbeck,cskilbeckaz@list-manage.com,9681728791642
397,Christabella,Yitzhak,cyitzhakb0@sina.com.cn,2429381400248
398,Jude,Dutton,jduttonb1@merriam-webster.com,2835513982410
399,Jasen,Bernhart,jbernhartb2@amazon.co.jp,4818717828265
400,Dosi,Braisted,dbraistedb3@bbb.org,6028101282680
401,Archibold,Dash,adashb4@hugedomains.com,5277732845342
402,Harlene,Sherborn,hsherbornb5@aboutads.info,6271070536032
403,Gabriellia,O'Murtagh,gomurtaghb6@marriott.com,6638274940061
404,Krista,Glantz,kglantzb7@studiopress.com,1122543362803
405,Sonni,Townes,stownesb8@vkontakte.ru,8995958101339
406,Clemmy,Spellissy,cspellissyb9@slate.com,5071580561060
407,Arley,Gillingwater,agillingwaterba@meetup.com,6744157806897
408,Delainey,Molyneux,dmolyneuxbb@unicef.org,3061599882298
409,Osborne,De Simone,odesimonebc@typepad.com,4785280332003
410,Debby,Landsbury,dlandsburybd@fc2.com,9753240053409
411,Davidson,Emms,demmsbe@sciencedirect.com,5724065251994
412,Sanford,Mehaffey,smehaffeybf@mashable.com,8803957152093
413,Hercule,Ellick,hellickbg@ucla.edu,2482261052346
414,Cristie,Rowly,crowlybh@nsw.gov.au,3908230084351
415,Rori,Byre,rbyrebi@xing.com,0666294517475
416,Dianna,O'Downe,dodownebj@chronoengine.com,5569495578954
417,Winnie,Jacobsohn,wjacobsohnbk@nydailynews.com,6090396384792
418,Papageno,Burkinshaw,pburkinshawbl@discovery.com,7145852862832
419,Morry,Phayre,mphayrebm@eventbrite.com,8783268032237
420,Krystle,Jamary,kjamarybn@usnews.com,5018935763707
421,Ruperta,McGawn,rmcgawnbo@earthlink.net,0691867782834
422,Phillipe,McQuaide,pmcquaidebp@msu.edu,7221994957830
423,Jedediah,Masserel,jmasserelbq@sohu.com,8162076208282
424,Gill,Casiroli,gcasirolibr@census.gov,7717460879230
425,Phylys,Druitt,pdruittbs@cargocollective.com,8034283275241
426,Andre,Skym,askymbt@macromedia.com,2475865115913
427,Lowe,Swansborough,lswansboroughbu@ihg.com,0042711524322
428,Rooney,Crepel,rcrepelbv@ehow.com,6707992774440
429,Crissie,Gonneau,cgonneaubw@nationalgeographic.com,1044986132817
430,Debby,Mibourne,dmibournebx@pbs.org,0513246867360
431,Lanie,Lehrmann,llehrmannby@bizjournals.com,5521346298764
432,Moishe,Horley,mhorleybz@etsy.com,2872585815482
433,Beltran,Ucceli,buccelic0@paginegialle.it,9874592191409
434,Cos,Baudasso,cbaudassoc1@tuttocitta.it,2272778959977
435,Anna-diana,Hammerich,ahammerichc2@clickbank.net,44514342823352419
436,Merrel,Antonacci,mantonaccic3@people.com.cn,3928006436331
437,Dona,Kissick,dkissickc4@blog.com,0042323511769
438,Carley,Lingley,clingleyc5@ihg.com,9521559829865
439,Lurette,Ellicott,lellicottc6@hhs.gov,5326124025215
440,Lizzie,Nice,lnicec7@istockphoto.com,1591208484150
441,Bettina,Elflain,belflainc8@bizjournals.com,1308105203091
442,Marianna,Recke,mreckec9@vk.com,1495897326800
443,Lowe,Brasher,lbrasherca@yellowpages.com,6706771346467
444,Rodolphe,Hourstan,rhourstancb@japanpost.jp,8723870937570
445,Myrilla,Rapa,mrapacc@sitemeter.com,0797340954479
446,Vikky,Oades,voadescd@zimbio.com,0794167656363
447,Ediva,Shaddock,eshaddockce@istockphoto.com,3399693398767
448,Perle,Ismail,pismailcf@yelp.com,5417510666020
449,Amalea,Vass,avasscg@eventbrite.com,7613673635403
450,Kalle,Sweeting,ksweetingch@go.com,8166946133580
451,Hurleigh,Laneham,hlanehamci@multiply.com,1206690619694
452,Barbra,Nollet,bnolletcj@canalblog.com,3465172697601
453,Lani,Nellis,lnellisck@bloglines.com,6921950824551
454,Binni,McLoney,bmcloneycl@archive.org,9156042012965
455,Merwin,Perrin,mperrincm@sun.com,7784257301310
456,Rudy,Goldney,rgoldneycn@theglobeandmail.com,7841550916694
457,Rudolf,Pauly,rpaulyco@un.org,7460829894216
458,Vito,Bodega,vbodegacp@fastcompany.com,7922347866717
459,Herve,Glenister,hglenistercq@dropbox.com,8689508787884
460,Rodi,McFarlan,rmcfarlancr@cbslocal.com,1523283594974
461,Cly,Pergens,cpergenscs@omniture.com,4396968284021
462,Sile,Rosario,srosarioct@cornell.edu,0910192745438
463,Perkin,Burrell,pburrellcu@sphinn.com,2436719957460
464,Ashlin,Van T'Hoog,avanthoogcv@ebay.com,7331581415326
465,Barnett,Goddman,bgoddmancw@smugmug.com,8818968269789
466,Carin,Brodest,cbrodestcx@lulu.com,5958025755934
467,Michele,Welbrock,mwelbrockcy@istockphoto.com,6853717432109
468,Lyman,Battill,lbattillcz@wikimedia.org,4035319369524
469,Sherill,Wagenen,swagenend0@opera.com,0398068809791
470,Lucien,Penhalurick,lpenhalurickd1@google.fr,0616381025839
471,Stirling,McGrale,smcgraled2@toplist.cz,2613620944780
472,Yank,Cowx,ycowxd3@addthis.com,5801230724645
473,Cora,Hansley,chansleyd4@4shared.com,28162381131993634
474,Konstance,Hagart,khagartd5@hugedomains.com,5769024543475
475,Sinclair,Efford,seffordd6@fastcompany.com,3847693958148
476,Lira,Esche,lesched7@apache.org,9007823450069
477,Emilie,Barles,ebarlesd8@e-recht24.de,2505349914879
478,Wendall,Valadez,wvaladezd9@spotify.com,5539821454960
479,Mal,Cardenas,mcardenasda@amazon.co.jp,8329933075076
480,Marijo,Culter,mculterdb@discovery.com,2680810236022
481,Sharon,Claire,sclairedc@1und1.de,8304429840683
482,Joela,Jayume,jjayumedd@cisco.com,9744770158734
483,Ibrahim,Knath,iknathde@a8.net,5009875519779
484,Orville,Lipscomb,olipscombdf@twitpic.com,3111755915383
485,Kizzie,Risbridger,krisbridgerdg@dailymotion.com,7001310092069
486,Mack,Larcombe,mlarcombedh@seesaa.net,1899611231547
487,Maggie,Cole,mcoledi@google.co.uk,6614564184048
488,Kalie,Pethick,kpethickdj@behance.net,4363891346835
489,Hamilton,Rignall,hrignalldk@netscape.com,8835637345563
490,Mickie,Philippard,mphilipparddl@macromedia.com,9161085334917
491,Curcio,Enterle,centerledm@hc360.com,5646080934277
492,Sinclare,Fantonetti,sfantonettidn@soundcloud.com,6262163021514
493,Giusto,Agastina,gagastinado@theglobeandmail.com,1439601977870
494,Nickey,Tidey,ntideydp@ftc.gov,6747972402627
495,Mal,Wadge,mwadgedq@opensource.org,0193154212929
496,Billye,Leggs,bleggsdr@instagram.com,7163297559514
497,Kathryn,Flewan,kflewands@mac.com,6405191331385
498,Norean,Hawksley,nhawksleydt@barnesandnoble.com,4223015853925
499,Letty,Eglise,leglisedu@mozilla.com,9755441483841
500,Ed,Cheke,echekedv@techcrunch.com,7173618693147
501,Cherianne,Ikins,cikinsdw@merriam-webster.com,4379515345017
502,Dianna,Shoesmith,dshoesmithdx@boston.com,1066251824981
503,Melitta,Dobbings,mdobbingsdy@statcounter.com,4400186789493
504,Shepperd,Taffie,staffiedz@adobe.com,7813155820097
505,Bianka,Sweet,bsweete0@1und1.de,7660126629835
506,Martha,Pollington,mpollingtone1@twitpic.com,1845498495517
507,Artemus,Limprecht,alimprechte2@amazon.co.uk,7145664521911
508,Morgan,Smitheram,msmitherame3@intel.com,7038145215113
509,Kira,Jann,kjanne4@issuu.com,2215781230487
510,Yard,Oldcroft,yoldcrofte5@fc2.com,6024618918086
511,Vicki,MacAfee,vmacafeee6@qq.com,7475941962893
512,Flory,Weiser,fweisere7@homestead.com,33466201938213433
513,Cassie,Sagrott,csagrotte8@auda.org.au,8527897625995
514,Alleen,Venart,avenarte9@php.net,3737472338270
515,Aarika,Ducarne,aducarneea@nature.com,9103677431751
516,Allen,Bullier,abulliereb@elpais.com,7220602162015
517,Aurilia,Filov,afilovec@tamu.edu,2254016945975
518,Shena,Shallo,sshalloed@reverbnation.com,6014279662320
519,Durand,Shorte,dshorteee@aol.com,5001529172956
520,Lorrie,Reeme,lreemeef@soundcloud.com,2814425090450
521,Therese,Sandlin,tsandlineg@china.com.cn,0344905566535
522,Sophia,Bompass,sbompasseh@archive.org,8259157504477
523,Filip,Dockrell,fdockrellei@macromedia.com,3162150115872
524,Paolina,Veness,pvenessej@buzzfeed.com,9685387135528
525,Raquela,Akam,rakamek@japanpost.jp,4512096935500
526,Andie,Twinning,atwinningel@github.com,8528141220912
527,North,Guinery,nguineryem@blogger.com,9224688327470
528,Adrian,Shillito,ashillitoen@seesaa.net,1984148527458
529,Stu,Mulrenan,smulrenaneo@sphinn.com,4609165780159
530,Sybil,Grier,sgrierep@theatlantic.com,9896744213779
531,Cos,Alexsandrowicz,calexsandrowiczeq@github.com,3990933178819
532,Claudia,Kneeland,ckneelander@feedburner.com,3201659672855
533,Bobby,Ickov,bickoves@vistaprint.com,9973739827881
534,Rupert,Albany,ralbanyet@archive.org,4898891550325
535,Coretta,Foster-Smith,cfostersmitheu@google.nl,3262484579331
536,Marty,Pretsell,mpretsellev@forbes.com,6806834457210
537,Shep,Conrath,sconrathew@go.com,0481521449004
538,Brandtr,Somers,bsomersex@amazon.co.uk,9845192759276
539,Marci,Swatradge,mswatradgeey@fotki.com,2447439746157
540,Fritz,Circuitt,fcircuittez@weibo.com,1265912331971
541,Regan,Sleight,rsleightf0@harvard.edu,3955609425822
542,Ruben,Enoksson,renokssonf1@unesco.org,3242432533812
543,Anstice,Lilford,alilfordf2@dyndns.org,4805746043764
544,Glennis,Trenholm,gtrenholmf3@godaddy.com,6570336514592
545,Yance,Keepin,ykeepinf4@cbsnews.com,7855320419894
546,Michelina,Jewes,mjewesf5@sphinn.com,8929703775117
547,Jamison,Hitter,jhitterf6@diigo.com,5916485532027
548,Dita,Giottoi,dgiottoif7@aboutads.info,1909888393847
549,Elisha,Dullaghan,edullaghanf8@google.ru,2736331376575
550,Wrennie,Jako,wjakof9@google.nl,057683830713443
551,Herby,Shambrooke,hshambrookefa@nyu.edu,3265451931199
552,Thornton,Dawidowsky,tdawidowskyfb@360.cn,0185312397079
553,Jodee,Pirkis,jpirkisfc@webmd.com,2562483737937
554,Courtenay,Eakeley,ceakeleyfd@tamu.edu,2160984811516
555,Eydie,Shitliff,eshitlifffe@usgs.gov,1187719305109
556,Cordell,Bithany,cbithanyff@ftc.gov,5286793820062
557,Drusi,Cator,dcatorfg@squidoo.com,0441151136385
558,Eileen,Epperson,eeppersonfh@geocities.com,3558519675886
559,Penelope,Beney,pbeneyfi@weibo.com,2975981760696
560,Cariotta,Jacobi,cjacobifj@telegraph.co.uk,0602145710526
561,Yuri,Logg,yloggfk@acquirethisname.com,8071576028691
562,Meris,Hammill,mhammillfl@upenn.edu,7059250597615
563,Flemming,Lindsell,flindsellfm@fastcompany.com,2312797620057
564,Lura,Clayworth,lclayworthfn@timesonline.co.uk,7057106336343
565,Dot,Espinazo,despinazofo@yellowpages.com,9298680036732
566,Micky,Moloney,mmoloneyfp@github.io,3641482147289
567,Suzie,Di Carli,sdicarlifq@wp.com,7170340476378
568,Gareth,Abrey,gabreyfr@state.tx.us,1365036554628
569,Davita,Hooks,dhooksfs@google.co.jp,3098555745055
570,Leoine,Kedie,lkedieft@seesaa.net,0886204700291
571,Quentin,McQueen,qmcqueenfu@reuters.com,4771619228690
572,Dayle,Shorbrook,dshorbrookfv@ted.com,7711823079799
573,Anton,Chipchase,achipchasefw@about.com,8745269613502
574,Boycie,Oldridge,boldridgefx@yellowpages.com,0863829499198
575,Catharina,Larne,clarnefy@hubpages.com,6725792426723
576,Gerta,Daniello,gdaniellofz@wunderground.com,9912263919309
577,Decca,Petrushanko,dpetrushankog0@biblegateway.com,7482627920881
578,Evangelin,Chrestien,echrestieng1@eepurl.com,4307144247676
579,Tallia,Fontel,tfontelg2@dailymail.co.uk,1267846010126
580,Monique,Stothert,mstothertg3@oakley.com,7163395973389
581,Birgit,Conochie,bconochieg4@nps.gov,0213004967528
582,Brina,Saddleton,bsaddletong5@hc360.com,1601104775909
583,Selma,Querree,squerreeg6@artisteer.com,6654687452758
584,Currey,Mainstone,cmainstoneg7@harvard.edu,1912481268797
585,Sherilyn,Clair,sclairg8@unesco.org,1204306271003
586,Kiley,McArdell,kmcardellg9@mlb.com,2163985740838
587,Muffin,Pomphrey,mpomphreyga@nyu.edu,8086498251812
588,Margaux,Lough,mloughgb@usatoday.com,0125507316794
589,Dorey,Clausen,dclausengc@tripadvisor.com,2054287583623
590,Ethelred,Miles,emilesgd@51.la,2571450014963
591,Cherianne,Feldmus,cfeldmusge@wikia.com,1605978312452
592,Meara,Lynskey,mlynskeygf@gmpg.org,3707584482321
593,Lorens,Drinan,ldrinangg@ed.gov,7712767814994
594,Cob,Klimkov,cklimkovgh@dedecms.com,58225373145493453453
595,Bonita,Phethean,bphetheangi@google.co.jp,2048245720582
596,Celestia,Revitt,crevittgj@smugmug.com,2493635863242
597,Chucho,Feben,cfebengk@vkontakte.ru,4358447899109
598,Meaghan,Gernier,mgerniergl@nifty.com,1444194937822
599,Rollins,Leyninye,rleyninyegm@nasa.gov,2762600621811
600,Shanta,Bartram,sbartramgn@go.com,2711268716297
601,Caesar,McGuinley,cmcguinleygo@rediff.com,6407920908781
602,Bendite,O'Crigan,bocrigangp@simplemachines.org,7553116984597
603,Angele,Guilaem,aguilaemgq@samsung.com,3442972562347
604,Marne,Gainsford,mgainsfordgr@paginegialle.it,0933955222389
605,Inglis,Larwood,ilarwoodgs@hao123.com,6212495605204
606,Kordula,Turk,kturkgt@un.org,0968647177447
607,Conrado,Tunnock,ctunnockgu@imdb.com,7455431220222
608,Marilee,Kabos,mkabosgv@psu.edu,8896229308129
609,Carroll,Brozek,cbrozekgw@cam.ac.uk,2262140887521
610,Monah,Langley,mlangleygx@nih.gov,6125368648446
611,Bridgette,Deabill,bdeabillgy@foxnews.com,3859234471603
612,Kristel,MacNalley,kmacnalleygz@auda.org.au,1433256668742
613,Chadwick,Glauber,cglauberh0@jimdo.com,3703120128880
614,Cleve,Funnell,cfunnellh1@bbb.org,9882767804164
615,Jozef,Tredwell,jtredwellh2@a8.net,8196203349291
616,Noemi,Merrigan,nmerriganh3@istockphoto.com,2832340417764
617,Nannette,Cordeau],ncordeauh4@goo.gl,9663581254044
618,Sammie,Feek,sfeekh5@theatlantic.com,2221563337261
619,Tiff,Naisbet,tnaisbeth6@behance.net,4350895507773
620,Elise,Sallenger,esallengerh7@independent.co.uk,3883496868150
621,Skell,Shepland,ssheplandh8@macromedia.com,3915043433112
622,Taite,Ibberson,tibbersonh9@nyu.edu,3602812398329
623,Gunter,Priscott,gpriscottha@whitehouse.gov,5635725361479
624,Morna,Trow,mtrowhb@go.com,2445778226189
625,Roberto,Darley,rdarleyhc@unc.edu,8492380810930
626,Delmor,Haquard,dhaquardhd@twitpic.com,7123871301827
627,Yulma,Harniman,yharnimanhe@jigsy.com,1170443312251
628,Del,Enos,denoshf@squarespace.com,8581825816300
629,Haslett,Kamienski,hkamienskihg@walmart.com,7334106325606
630,Gerrie,Gainsbury,ggainsburyhh@usatoday.com,9096132251701
631,Calla,Alberti,calbertihi@liveinternet.ru,4401927878804
632,Theresina,Robken,trobkenhj@google.ca,3253007685872
633,Edin,Mathewes,ematheweshk@mapquest.com,8773950883730
634,Ari,Gerrish,agerrishhl@disqus.com,5202640111374
635,Robenia,Matzel,rmatzelhm@auda.org.au,1507298717254
636,Carmencita,Lidden,cliddenhn@berkeley.edu,6761366899275
637,Kearney,Jerram,kjerramho@bbc.co.uk,7722294747945
638,Thorsten,Lovelock,tlovelockhp@hibu.com,1362037277649
639,Olympe,Strapp,ostrapphq@nyu.edu,4364966159605
640,Evangelina,Vynoll,evynollhr@google.co.uk,4282461033397
641,Ursuline,Mc Coughan,umccoughanhs@topsy.com,4593540638864345345
642,Foss,Burgisi,fburgisiht@com.com,2827473381500
643,Angie,Troak,atroakhu@biglobe.ne.jp,4483988169071
644,Oswald,Vinau,ovinauhv@nifty.com,3335374303093
645,Michal,Berni,mbernihw@spiegel.de,4278452641493
646,Sheffy,Thalmann,sthalmannhx@phpbb.com,2570091848908
647,Ailyn,Farnaby,afarnabyhy@printfriendly.com,4059738156968
648,Blondell,Ferro,bferrohz@answers.com,0155386040185
649,Kassi,Kiwitz,kkiwitzi0@chicagotribune.com,8315748080333
650,Danella,McKeating,dmckeatingi1@histats.com,2873480893537
651,Hobie,Tack,htacki2@amazonaws.com,4796700701173
652,Evered,Abbison,eabbisoni3@joomla.org,3769972647473
653,Kristian,Skillman,kskillmani4@sphinn.com,5119357321221
654,Melinde,Youll,myoulli5@mozilla.com,7368140956158
655,Liam,Giblin,lgiblini6@imdb.com,3222255675786
656,Ysabel,Harmar,yharmari7@pbs.org,3201798234045
657,Flossie,Roylance,froylancei8@nymag.com,1762161938189
658,Julianna,Pestor,jpestori9@foxnews.com,4044206498197
659,Janelle,Aronovich,jaronovichia@vistaprint.com,0913610129422
660,Paula,Paliser,ppaliserib@live.com,7898281755180
661,Bonni,Ege,begeic@usatoday.com,9280340275177
662,Archibald,O' Flaherty,aoflahertyid@boston.com,3036567470733
663,Idalia,Stanes,istanesie@kickstarter.com,4577750223819
664,Marrissa,Fouracres,mfouracresif@youtube.com,9293682455215
665,Kingston,Badman,kbadmanig@msu.edu,2071964073569
666,Godart,McClaughlin,gmcclaughlinih@google.pl,7041759028292
667,Chicky,Proudman,cproudmanii@canalblog.com,5971380530914
668,Babbette,Edgehill,bedgehillij@blogspot.com,5337510240009
669,Julio,Scrancher,jscrancherik@timesonline.co.uk,6651246151801
670,Lion,Savege,lsavegeil@vk.com,4732512410173
671,Dimitry,Torn,dtornim@woothemes.com,8061543430315
672,Loise,Harrold,lharroldin@yellowbook.com,6736213065587
673,Merv,Yele,myeleio@about.com,5013656053099
674,Tawnya,Dumblton,tdumbltonip@hostgator.com,2725505227222
675,Cyndie,Bladen,cbladeniq@oakley.com,4938756445431
676,Patsy,Davana,pdavanair@google.ca,1165705611869
677,Roi,Okker,rokkeris@etsy.com,2805724418585
678,Opal,Sorrill,osorrillit@cargocollective.com,6075270376494
679,Kalindi,Aldwinckle,kaldwinckleiu@bloomberg.com,1797701672464
680,Brenn,Marke,bmarkeiv@archive.org,7222569366467
681,Marlin,Sworne,msworneiw@sina.com.cn,5662172093645
682,Veronica,Huxtable,vhuxtableix@homestead.com,6474253564325
683,Evangelia,Studdal,estuddaliy@bizjournals.com,5170800047137
684,Talya,Crim,tcrimiz@dmoz.org,5956035339206
685,Evan,Crofts,ecroftsj0@addthis.com,8810218645984
686,Alan,Venneur,avenneurj1@blinklist.com,4445367440890
687,Finn,Hiscoe,fhiscoej2@chron.com,8412627229587
688,Alanna,Grunwall,agrunwallj3@nbcnews.com,0453267406784
689,Alane,Philippon,aphilipponj4@ifeng.com,9568168009770
690,Carroll,Meric,cmericj5@live.com,1322950480604
691,Rosabel,Bartoszinski,rbartoszinskij6@prweb.com,6294076019957
692,Rem,Janaway,rjanawayj7@usnews.com,4988863603985
693,Nalani,Wellbank,nwellbankj8@wordpress.com,7408060990680
694,Harli,Britee,hbriteej9@last.fm,1279790615083
695,Everett,O'Docherty,eodochertyja@sbwire.com,5382229221589
696,Aubry,Colthard,acolthardjb@phpbb.com,6972979798583
697,Porter,Cutten,pcuttenjc@washington.edu,0670134867151
698,Parry,Younger,pyoungerjd@diigo.com,4433125508935
699,Revkah,Martensen,rmartensenje@freewebs.com,4948546944900
700,Emanuele,Tellenbrook,etellenbrookjf@senate.gov,4149833002471
701,Dun,Bindon,dbindonjg@so-net.ne.jp,1716681448624
702,Athena,Palke,apalkejh@bigcartel.com,2503926284053
703,Cobbie,Folder,cfolderji@walmart.com,7257728149425
704,Berton,Eglin,beglinjj@admin.ch,9152036222152
705,Saul,Bryden,sbrydenjk@sina.com.cn,2522859637594
706,Ambrosio,Simonetti,asimonettijl@goo.gl,9047344706785
707,Dulciana,Gonzales,dgonzalesjm@cbslocal.com,1229170742874
708,Odie,Lavington,olavingtonjn@tripadvisor.com,4478607791723
709,Denise,Paolacci,dpaolaccijo@sogou.com,6309345437569
710,Marne,Turbefield,mturbefieldjp@xing.com,8560703517117
711,Sheilakathryn,Lowseley,slowseleyjq@umn.edu,0019036136042
712,Kandace,Sobtka,ksobtkajr@sakura.ne.jp,2610455623831
713,Sanderson,Starkings,sstarkingsjs@php.net,2785704659147
714,Baily,Grishelyov,bgrishelyovjt@un.org,4896036953964
715,Jilleen,Aronowitz,jaronowitzju@opensource.org,8551642006302
716,Fredelia,Dampier,fdampierjv@baidu.com,8471341159386
717,Nye,Offord,noffordjw@alexa.com,1920165220404
718,Merla,O'Reilly,moreillyjx@hud.gov,9348885783458
719,Baudoin,Jinkin,bjinkinjy@theglobeandmail.com,1686911864444
720,Emili,Aysik,eaysikjz@foxnews.com,9698783684419
721,Reinhold,Coolahan,rcoolahank0@china.com.cn,4234404603773
722,Lanae,Yarrow,lyarrowk1@nationalgeographic.com,3616384999591
723,Marten,Dandy,mdandyk2@netvibes.com,0796012334017
724,Joy,Feldberg,jfeldbergk3@princeton.edu,3270307400557
725,Hermine,Scrivener,hscrivenerk4@drupal.org,6080194976529
726,Kathe,Spier,kspierk5@businessinsider.com,2000492562326
727,Skyler,Welland,swellandk6@unesco.org,2027280226645
728,Johny,Leirmonth,jleirmonthk7@is.gd,7173283319886345345
729,Eldon,Vassbender,evassbenderk8@statcounter.com,2764011604539
730,Ben,Iacovielli,biacoviellik9@quantcast.com,3113755707861
731,Pat,Goss,pgosska@sitemeter.com,8695945346876
732,Morgana,Freebury,mfreeburykb@ft.com,6822818804186
733,Madelina,Hannond,mhannondkc@sakura.ne.jp,0501502427208
734,Livy,Kielty,lkieltykd@cargocollective.com,4160748229034
735,Matthias,Itzkovich,mitzkovichke@moonfruit.com,5305327383309
736,Jerry,Ebbetts,jebbettskf@home.pl,5047090788582
737,Edmon,Belchamber,ebelchamberkg@weebly.com,2345190947119
738,Shena,MacEntee,smacenteekh@dell.com,7372640621074
739,Bobby,Solan,bsolanki@sogou.com,6064049054834
740,Moyna,Holstein,mholsteinkj@cbsnews.com,6384346268723
741,Guthrie,Walwood,gwalwoodkk@latimes.com,5082118728351
742,Jules,Gircke,jgirckekl@globo.com,5989823910144
743,Gay,Woolmore,gwoolmorekm@virginia.edu,6162961918438
744,Samuel,Bilbery,sbilberykn@marriott.com,6449697984310
745,Sascha,Gatty,sgattyko@mozilla.com,5758694887444
746,Staford,Hawke,shawkekp@noaa.gov,3176197773504
747,Johny,Rivlin,jrivlinkq@nba.com,6211297651637
748,Adrea,MacVanamy,amacvanamykr@jigsy.com,0462269168243
749,Russ,Jados,rjadosks@opensource.org,0204860006046
750,Marlene,Sewter,msewterkt@photobucket.com,3498559909727
751,Leland,Crux,lcruxku@ca.gov,2746981623386
752,Sheryl,Brusby,sbrusbykv@mit.edu,0933947298761
753,Egor,Cawood,ecawoodkw@deviantart.com,4073999411717
754,Alessandro,Klammt,aklammtkx@blogger.com,7372897508193
755,Durand,Jinkins,djinkinsky@free.fr,0912942972373
756,Lionel,Rasor,lrasorkz@shutterfly.com,5460625578440
757,Fonzie,Wogan,fwoganl0@friendfeed.com,3445104462763
758,Jessamyn,Auchinleck,jauchinleckl1@psu.edu,8650493783949
759,Corinna,Frizzell,cfrizzelll2@arstechnica.com,6182063416308
760,Dorothee,McCourtie,dmccourtiel3@about.com,3841367506746
761,Meryl,Lucken,mluckenl4@twitpic.com,3791100012498
762,Winna,Feye,wfeyel5@irs.gov,5718730086700
763,Serene,Rioch,sriochl6@amazonaws.com,1974865984893
764,Bernhard,Pyson,bpysonl7@dailymail.co.uk,7240140323331
765,Herminia,Crone,hcronel8@digg.com,2358868189146
766,Lenee,Proudlock,lproudlockl9@buzzfeed.com,4709465766174
767,Fredrick,Cranshaw,fcranshawla@sciencedirect.com,1850615779338
768,Dayna,Figgures,dfiggureslb@netscape.com,7813532911314
769,Dorothea,Malcher,dmalcherlc@thetimes.co.uk,2321826012395
770,Carlita,Fieldgate,cfieldgateld@livejournal.com,6747960325068
771,Milicent,Basill,mbasillle@myspace.com,0758667268051
772,Ramon,Churchward,rchurchwardlf@quantcast.com,6733747310970
773,Erhard,Jobin,ejobinlg@latimes.com,1825972794776
774,Neilla,Phateplace,nphateplacelh@reddit.com,829860911931934534534
775,Betteanne,Wrey,bwreyli@smugmug.com,5558248314079
776,Cicily,Mulvenna,cmulvennalj@aboutads.info,6903751944623
777,Adi,Walasik,awalasiklk@cisco.com,6508044978565
778,Stern,Ellaway,sellawayll@google.pl,9598666306887
779,Timmie,McKellar,tmckellarlm@mysql.com,7903840972152
780,Edvard,Buttner,ebuttnerln@berkeley.edu,0760089350777
781,Jaclin,Bick,jbicklo@google.it,6042318991459
782,Buckie,Dawkins,bdawkinslp@goodreads.com,3427351510557
783,Trever,Copner,tcopnerlq@addtoany.com,4674596150753
784,Abbott,Goodburn,agoodburnlr@cloudflare.com,2559313702280
785,Erroll,Colcutt,ecolcuttls@delicious.com,1540059272022
786,Carol-jean,Bartolacci,cbartolaccilt@cornell.edu,3351191975524
787,Bartolemo,Swayte,bswaytelu@free.fr,1487125056970
788,Edouard,Sellen,esellenlv@cnet.com,1757207803068
789,Gerta,Pawellek,gpawelleklw@google.co.jp,0378179169724
790,Sophie,Andreutti,sandreuttilx@webeden.co.uk,5356515422905
791,Merrill,Paike,mpaikely@bloglines.com,8835569230050
792,Joey,Jeannequin,jjeannequinlz@storify.com,5970652779541
793,Gardener,Yerlett,gyerlettm0@infoseek.co.jp,1774492353692
794,Enoch,Hanes,ehanesm1@ed.gov,0009770558727
795,Daryl,Josovich,djosovichm2@comsenz.com,8177091535938
796,Vance,MacCroary,vmaccroarym3@com.com,3178681727535
797,Starla,Barrat,sbarratm4@cisco.com,5105661260877
798,Kayne,Robertot,krobertotm5@spiegel.de,2607148912858
799,Benoite,Hartburn,bhartburnm6@lycos.com,7553973793065
800,Rafi,Dunabie,rdunabiem7@desdev.cn,5176824871794
801,Humfried,Basley,hbasleym8@kickstarter.com,9591321141744
802,Trixi,Tortoishell,ttortoishellm9@hibu.com,0011789000352
803,Karyl,Eastgate,keastgatema@ifeng.com,4160699164412
804,Daren,Galliford,dgallifordmb@php.net,0940670259296
805,Saundra,Battison,sbattisonmc@blogs.com,6235408551026
806,Clark,Mithon,cmithonmd@yandex.ru,4275837438515
807,Zacherie,,zbuckneyme@china.com.cn,0947479227135
808,Domini,Readitt,dreadittmf@ted.com,0512218934369
809,Dominique,Feldmark,dfeldmarkmg@house.gov,9576528854018
810,Bernita,Flinn,bflinnmh@usgs.gov,2179505927952
811,Ketty,Wollacott,kwollacottmi@fc2.com,9303302109745
812,Brenn,Victory,bvictorymj@woothemes.com,4126920695827
813,Deva,Giovanni,dgiovannimk@yellowbook.com,6708843724313
814,Aurelea,Pymer,apymerml@ameblo.jp,6354100117948
815,Noe,Deeman,ndeemanmm@jugem.jp,508807262611453435
816,Celine,Tavner,ctavnermn@uol.com.br,5431328058098
817,Woodrow,Giraldez,wgiraldezmo@e-recht24.de,7283789020067
818,Kanya,Kluge,kklugemp@rambler.ru,9082204437218
819,Deedee,Reding,dredingmq@bluehost.com,2085781193289
820,Melissa,Stirton,mstirtonmr@ovh.net,4215805658774
821,Elisha,Witch,ewitchms@theatlantic.com,3338390394548
822,Aurelie,Zebedee,azebedeemt@de.vu,3984852943419
823,Valli,Blumfield,vblumfieldmu@etsy.com,5963452575987
824,Diane-marie,Pragnall,dpragnallmv@squarespace.com,4535870761125
825,Renelle,Scullin,rscullinmw@cmu.edu,8804509517284
826,Jerrie,Michurin,jmichurinmx@smh.com.au,6275157178382
27,Kakalina,Ehlerding,kehlerdingmy@slate.com,3635340335912
28,Sondra,Jenteau,sjenteaumz@time.com,5199800341596
29,Teena,Worshall,tworshalln0@usa.gov,1839864829577
30,Cassie,Maingot,cmaingotn1@infoseek.co.jp,8488265970408
831,Dorelia,Indgs,dindgsn2@hugedomains.com,2406255603611
832,Agretha,Benech,abenechn3@imdb.com,7929176714568
833,Rozina,Kopke,rkopken4@marketwatch.com,7724152702427
834,Shana,Bouldon,sbouldonn5@bluehost.com,2009020936698
835,Eben,Hanson,ehansonn6@loc.gov,8444127931303
836,Jori,Keatch,jkeatchn7@godaddy.com,4378934470843
837,Doyle,Levey,dleveyn8@skype.com,1800937571098
838,Samaria,Beelby,sbeelbyn9@hibu.com,5193054371997
839,Ruby,Thexton,rthextonna@woothemes.com,4732441630306
840,Park,Haydon,phaydonnb@fema.gov,8548153394660
841,Ina,Swidenbank,iswidenbanknc@gmpg.org,8216373146598
842,Dorita,Jewess,djewessnd@guardian.co.uk,5493909774117
83,Rodina,Baszkiewicz,rbaszkiewiczne@howstuffworks.com,5968761919326
84,Nikaniki,Jelliman,njellimannf@yellowpages.com,3993008940507
85,Darcee,Teml,dtemlng@nationalgeographic.com,2448493907550
86,Daniela,Garrettson,dgarrettsonnh@cbsnews.com,2438520831840
87,Jewell,Armal,jarmalni@so-net.ne.jp,2100772935594
88,Shalna,Beefon,sbeefonnj@dagondesign.com,4227421909459
89,Hallsy,McQuorkel,hmcquorkelnk@mediafire.com,0230890552038
80,Randall,Oger,rogernl@xing.com,2466077329941
81,Tobe,Clapson,tclapsonnm@cam.ac.uk,0484651825709
82,Cody,Sciacovelli,csciacovellinn@craigslist.org,4825872941459
83,Beilul,Gunnell,bgunnellno@wikispaces.com,0317032521140
84,Hermy,Wrassell,hwrassellnp@amazon.de,4501937684147
85,Doria,Persence,dpersencenq@arstechnica.com,9720891019749
86,Jody,De Vries,jdevriesnr@github.io,6357637733537
87,Almira,Mityashin,amityashinns@nydailynews.com,6617544645400
88,Garnet,Yong,gyongnt@goo.gl,7436342127033
89,Josie,Cornill,jcornillnu@plala.or.jp,3191943021470
80,Lucky,Welbeck,lwelbecknv@ed.gov,2333330484501
81,Angeline,Massingham,amassinghamnw@buzzfeed.com,9489682074761
82,Shepherd,Bumphries,sbumphriesnx@nifty.com,5000923620783
83,Kev,Shapland,kshaplandny@illinois.edu,6426429099636
84,Riccardo,Christal,rchristalnz@google.cn,7507878548753
85,Willie,Beine,wbeineo0@kickstarter.com,7679908498709
86,Bret,Chander,bchandero1@domainmarket.com,6717453800918
87,Maje,Patient,mpatiento2@house.gov,1451897404811
88,Merissa,Byforth,mbyfortho3@e-recht24.de,7475971198889
89,William,Baldini,wbaldinio4@yale.edu,1296047774135
80,Arlin,Simoneton,asimonetono5@aboutads.info,3317986266395
81,Margalo,Eagleston,meaglestono6@europa.eu,2455757967798
82,Ambros,Curmi,acurmio7@wordpress.org,1664252204858
83,Gram,Jaqueminet,gjaquemineto8@techcrunch.com,3996604384293
84,Tallou,Kenset,tkenseto9@ifeng.com,5452992914598
875,Laurie,Andriss,landrissoa@icio.us,5747481274385
876,Kaylil,Allward,kallwardob@redcross.org,3266784453784
877,Beverie,Gilffilland,bgilffillandoc@mayoclinic.com,5650423444621
878,Tessi,Fortun,tfortunod@yale.edu,1735470010661
879,Vernen,Brane,vbraneoe@abc.net.au,6452947806735
880,Westbrooke,Merritt,wmerrittof@freewebs.com,1366637094703
881,Dillon,Goble,dgobleog@abc.net.au,2215943576321
882,Jarrad,Hoogendorp,jhoogendorpoh@timesonline.co.uk,1555925749646
883,Ken,Pinnere,kpinnereoi@mysql.com,8772402540289
884,Briny,Masham,bmashamoj@si.edu,0928385357337
885,Cliff,Ferrers,cferrersok@liveinternet.ru,6600383803085
886,Darlene,Mardlin,dmardlinol@phoca.cz,8882165452027
887,Jay,Pascall,jpascallom@pbs.org,4795813282645
888,Dasya,Chatt,dchatton@usgs.gov,1398863410139
889,Minor,Huson,mhusonoo@bizjournals.com,6304791398712
890,Fletch,Bramstom,fbramstomop@disqus.com,9864143999559
891,Ottilie,Greystock,ogreystockoq@imageshack.us,9978469369244
892,Laverne,Gynne,lgynneor@netlog.com,0631887202682
893,Ferguson,Dametti,fdamettios@phpbb.com,9588986025358
894,Inness,Anstey,iansteyot@huffingtonpost.com,6557873236450
895,Aland,Messitt,amessittou@over-blog.com,2049997625198
896,Costa,Adamik,cadamikov@dyndns.org,4725379462568
897,Dacy,Oxx,doxxow@paginegialle.it,6054553915349
898,Brana,Verne,bverneox@delicious.com,5199007380720
899,Lelah,Theobold,ltheoboldoy@yale.edu,2031696058793
900,Emeline,Birtwell,ebirtwelloz@usatoday.com,9801772440258
901,Kyle,Elkins,kelkinsp0@shutterfly.com,6138186639527
902,Bryn,Richardet,brichardetp1@bandcamp.com,0777719680487
903,Sayers,Nerne,snernep2@360.cn,7510648005448
904,Roxine,Rodrigues,rrodriguesp3@shutterfly.com,2147654479916
905,Patrizio,Belhome,pbelhomep4@naver.com,6780151620649
906,Ewart,Marrows,emarrowsp5@dailymail.co.uk,5404366019825
907,Kayley,Dalley,kdalleyp6@rakuten.co.jp,8727677831292
908,Joshuah,McPeice,jmcpeicep7@salon.com,7244050320681
909,Kelli,Sturdey,ksturdeyp8@constantcontact.com,8144277105902
910,Leontyne,Grece,lgrecep9@is.gd,8068773957283
911,Effie,Wolton,ewoltonpa@bloglines.com,4039122032244
912,Jacinta,MacCleay,jmaccleaypb@blogs.com,9889134164468
913,Darb,Weetch,dweetchpc@bluehost.com,9434276786072
914,Alasdair,Drewery,adrewerypd@ibm.com,2287847782626
915,Cheston,Dickey,cdickeype@netscape.com,8601125627252
916,Melessa,Cantwell,mcantwellpf@dagondesign.com,5044351100986
917,Velma,Just,vjustpg@amazon.com,5099028008968
918,Marven,Arlott,marlottph@studiopress.com,1198976357288
919,Sonni,Iley,sileypi@loc.gov,8599758335107
920,Arlee,Quye,aquyepj@tumblr.com,4555679371588
921,Patsy,Hounsom,phounsompk@alibaba.com,8137791739121
922,Yvor,Antcliffe,yantcliffepl@npr.org,4851616931178
923,Noble,Putten,nputtenpm@apple.com,9922018087604
924,Quinta,Tadman,qtadmanpn@hexun.com,7159882401924
925,Mac,Searchfield,msearchfieldpo@blinklist.com,8530017784852
926,Marysa,Poltun,mpoltunpp@github.com,6691714863464
927,Emmye,Grafton,egraftonpq@yellowbook.com,2832797985364
928,Trixi,Mullarkey,tmullarkeypr@purevolume.com,8281168485056
929,Amabelle,Ivashnikov,aivashnikovps@cargocollective.com,7956459262311
930,Joey,Ghiriardelli,jghiriardellipt@tumblr.com,5995243418633
931,Grace,Macauley,gmacauleypu@house.gov,8801304925573
932,Berri,Bowes,bbowespv@moonfruit.com,2356821691155
933,Eli,De Mattia,edemattiapw@nature.com,7154619481357
934,Helsa,Lindemann,hlindemannpx@sbwire.com,3549628620559
935,Kaja,Ible,kiblepy@barnesandnoble.com,2083195990961
936,Orelie,Cumberpatch,ocumberpatchpz@weebly.com,5245603259255
937,Dela,Rawnsley,drawnsleyq0@wunderground.com,6426636387975
938,Emmalyn,Liverock,eliverockq1@netlog.com,8264123331225
939,Susana,Blincowe,sblincoweq2@discuz.net,8407505561559
940,Ruprecht,Coleiro,rcoleiroq3@themeforest.net,7892110346292
941,Rosalia,Simond,rsimondq4@gizmodo.com,0514756985838
942,Dorian,Alflat,dalflatq5@nationalgeographic.com,5351444070104
943,Billye,Skyppe,bskyppeq6@cnbc.com,9835783494811
944,Dix,Shurrock,dshurrockq7@altervista.org,1644260915991
945,Myca,Locks,mlocksq8@google.it,3474185386787
946,Sansone,Orhtmann,sorhtmannq9@vimeo.com,1130842067318
947,Carl,Hendrickson,chendricksonqa@xing.com,9512867531463
948,Reggis,Benka,rbenkaqb@gov.uk,0473434732315
949,Salem,FitzAlan,sfitzalanqc@instagram.com,4676174045482
950,Verge,Landell,vlandellqd@washington.edu,1283211187503
951,Kane,Fruin,kfruinqe@icio.us,1621461061062
952,Gothart,Mandres,gmandresqf@sitemeter.com,1477451193768
953,Robinia,Dodimead,rdodimeadqg@hc360.com,8963820117388
954,Shirline,Coviello,scovielloqh@de.vu,6954336738640
955,Hagen,Jorn,hjornqi@cafepress.com,7208061476605
956,Sheppard,Pillington,spillingtonqj@plala.or.jp,9663070441732
957,Babs,Slate,bslateqk@yahoo.com,0588536114247
958,Filberte,Mordin,fmordinql@themeforest.net,2603117448127
959,Lem,Platt,lplattqm@imgur.com,5500401015370
960,Miller,Byfield,mbyfieldqn@seattletimes.com,9382501942375
961,Catina,Ausher,causherqo@altervista.org,5582800891296
962,Sid,Gasken,sgaskenqp@yolasite.com,3025637250115
963,Charlene,Aldwich,caldwichqq@shop-pro.jp,1890281889883
964,Rolland,Mattia,rmattiaqr@topsy.com,4301312528624
965,Jillane,Schimon,jschimonqs@pcworld.com,7709495361760
966,Karlyn,Caveill,kcaveillqt@youku.com,4645849741555
967,Meridith,Cuthill,mcuthillqu@economist.com,3203476135187
968,Bruno,Pillman,bpillmanqv@twitter.com,0561418355629
969,Brandi,Crookes,bcrookesqw@vkontakte.ru,3519744964318
970,Gretel,Gribbell,ggribbellqx@aboutads.info,4189387619956
971,Hetti,Barlie,hbarlieqy@tuttocitta.it,1158684186858
972,Josiah,Kinnie,jkinnieqz@army.mil,3139988482647
973,Alexia,Maillard,amaillardr0@cnet.com,3740514010728
974,Clifford,Yesenev,cyesenevr1@howstuffworks.com,2183987237708
975,Jules,Dobbing,jdobbingr2@tmall.com,3183003883818
976,Sigfrid,Bindon,sbindonr3@sbwire.com,1526579911237
977,Vicky,Shickle,vshickler4@home.pl,5458323113645
978,Carlen,Aleveque,calevequer5@unesco.org,8506321333824
979,Auberta,Willmer,awillmerr6@dailymail.co.uk,6317902273726
980,Pansie,Rutgers,prutgersr7@google.cn,0721079327244
981,Hardy,Troppmann,htroppmannr8@washingtonpost.com,3996004345771
982,Ward,Tousey,wtouseyr9@yahoo.co.jp,6084567175755
983,Jennifer,Leveridge,jleveridgera@bravesites.com,9544094637013
984,Mack,Tweedell,mtweedellrb@cdc.gov,5064291407065
985,Delmor,Rechert,drechertrc@yahoo.co.jp,2453041393186
986,Ursuline,Isworth,uisworthrd@mail.ru,9292258625676
987,Renato,Ladds,rladdsre@wufoo.com,9847973870970
988,Woodrow,Luff,wluffrf@java.com,6030392824744
989,Cointon,Guilliland,cguillilandrg@uiuc.edu,8413942042025
990,Dickie,Clemoes,dclemoesrh@columbia.edu,9157117564556
991,Devonne,Paulat,dpaulatri@opera.com,6766715295341
992,Orel,Martellini,omartellinirj@weebly.com,4829023872868
993,Jacquie,Bazylets,jbazyletsrk@delicious.com,7051158483113
994,Jeannie,Dudin,jdudinrl@wikispaces.com,7737617104819
995,Justen,Wannop,jwannoprm@statcounter.com,1553171544366
996,Arlin,Klees,akleesrn@seesaa.net,8582272929659
997,Franzen,Hamlet,fhamletro@hubpages.com,9716585483182
998,Golda,Visco,gviscorp@apple.com,3039973986699
999,Alix,McCunn,amccunnrq@list-manage.com,2273553845240
1000,Dwain,Isselee,disseleerr@shutterfly.com,4761604871164
